0,1
3489,0.29008782657852955
3490,0.4253955078283496
3491,0.6217332332442662
3492,0.7632116433497005
3493,0.5269031573930415
3494,0.012424079556756302
3495,0.5452230618268736
3496,0.07021766391458595
3497,0.5419761530989147
3498,0.450303469852893
3499,0.20140190892812168
3500,0.43204501617452606
3501,0.026397644098346572
3502,0.0970092257096747
3503,0.3625528133782819
3504,0.4142781202069927
3505,0.07169813893089841
3506,0.08204498395849465
3507,0.035819129341137006
3508,0.28396119111866686
3509,0.6791145347030212
3510,0.7803578184236288
3511,0.8004748153547923
3512,0.5973368910997975
3513,0.2010866017504606
3514,0.35948737193820957
3515,0.66302467392328
3516,0.6169841510617774
3517,0.8840371246428556
3518,0.22065687860993666
3519,0.7646063569923117
3520,0.13359578467072697
3521,0.058635883671226595
3522,0.3634383959384184
3523,0.38031809044941983
3524,0.5577653340506113
3525,0.056132097781139145
3526,0.46928529235746164
3527,0.45534834371831234
3528,0.06135821050210457
3529,0.3319489169752961
3530,0.06421983228829342
3531,0.3791286646168048
3532,0.8092352147777507
3533,0.05759711172623497
3534,0.03288998750559965
3535,0.15529563830788787
3536,0.02390744223982305
3537,0.9213883592250995
3538,0.6993143069829127
3539,0.07049192351806034
3540,0.06872690746293288
3541,0.050901005956504805
3542,0.013494693405815529
3543,0.0491538878429023
3544,0.7882884174483071
3545,0.2158128583788223
3546,0.4501587811879894
3547,0.01942796693278111
3548,0.27020886923235643
3549,0.21080654883084263
3550,0.202297528594013
3551,0.7297194676164027
3552,0.14891554787257136
3553,0.02642662725901232
3554,0.286698623225659
3555,0.01893078548985473
3556,0.4037829839224543
3557,0.3921704247851102
3558,0.027508338524528768
3559,0.5367991793409236
3560,0.8452514773138445
3561,0.660968728049756
3562,0.05505639723996552
3563,0.2738232965437468
3564,0.7409939014952964
3565,0.007991181402591618
3566,0.07864191772032475
3567,0.1611422700416365
3568,0.07286720143996818
3569,0.9040996937508924
3570,0.6258776634476001
3571,0.47366354545913536
3572,0.22682144415044272
3573,0.36960053896036965
3574,0.3189127580114188
3575,0.11908346311362579
3576,0.6322126133730473
3577,0.04720622005068582
3578,0.14203652299114955
3579,0.11598515143950837
3580,0.3213293421037755
3581,0.3004585760988968
3582,0.2751192474592009
3583,0.051727285875632224
3584,0.2139205590179258
3585,0.07387750975622064
3586,0.6407995032984022
3587,0.7363664951704976
3588,0.45395905771153977
3589,0.40137044563330887
3590,0.33274826056268464
3591,0.7669893300694965
3592,0.13422249114852672
3593,0.247243263701683
3594,0.8666795040304185
3595,0.07128392372223775
3596,0.5137268821690103
3597,0.5435896010334913
3598,0.041070758789308374
3599,0.010196691211330405
3600,0.7471536174580723
3601,0.6171474695816882
3602,0.08913904162787968
3603,0.6619487182154403
3604,0.4255242904396705
3605,0.023073886938418903
3606,0.05717595518047544
3607,0.05567448838552949
3608,0.704196453312801
3609,0.7855899710733721
3610,0.34936843005643686
3611,0.45018467688135727
3612,0.08869908183047613
3613,0.35214185847655033
3614,0.22002294840241848
3615,0.03370708006800274
3616,0.0633135211174411
3617,0.09248989334930165
3618,0.9106729467489797
3619,0.03436358089893196
3620,0.032007742256362506
3621,0.13664291239915918
3622,0.02201810389192146
3623,0.5316276263206554
3624,0.22226301768073597
3625,0.06425203542498997
3626,0.05193409413366482
3627,0.6332480777302637
3628,0.010929113014284998
3629,0.019908842601744213
3630,0.8586787079006379
3631,0.02639874483280728
3632,0.09453192142054238
3633,0.9066023971255034
3634,0.2274524786029825
3635,0.7617332983385252
3636,0.18954118958575678
3637,0.6106661246588747
3638,0.3363213006171762
3639,0.7920243876219945
3640,0.02035099633597893
3641,0.3519706354768738
3642,0.3481213682119248
3643,0.8460721742265962
3644,0.22331215793564524
3645,0.3619275596742686
3646,0.7326230240296694
3647,0.34024504361636637
3648,0.38442582731891195
3649,0.726783362908462
3650,0.5992373610215299
3651,0.13915159840446786
3652,0.5518048381120162
3653,0.01443488923632606
3654,0.4462688052782829
3655,0.11079314080513801
3656,0.4257348279746533
3657,0.5781811275378241
3658,0.900505530116823
3659,0.6673865820531228
3660,0.39287637083151894
3661,0.021770490272510993
3662,0.7910958481289844
3663,0.021412228034634332
3664,0.03658836848900773
3665,0.3464145415719395
3666,0.06487774129999938
3667,0.4406030254140033
3668,0.01600842597922988
3669,0.8089971499640518
3670,0.07269627153571927
3671,0.39902109838119126
3672,0.830039941992899
3673,0.8760567054912022
3674,0.03533252514515815
3675,0.014390034129437965
3676,0.47906754206069424
3677,0.04019802871944762
3678,0.029865553226675418
3679,0.06385813093154534
3680,0.2650288999317919
3681,0.8617766644923925
3682,0.04167772279333942
3683,0.8344567590316088
3684,0.19662456337501544
3685,0.8976099262958293
3686,0.052246954911659045
3687,0.03921298732123812
3688,0.036034758852286866
3689,0.7503933608420384
3690,0.7514808819216489
3691,0.1374218983112952
3692,0.20156925032606926
3693,0.3166214425365106
3694,0.5355618561686698
3695,0.6992197739178155
3696,0.7392501279576333
3697,0.048847392052219774
3698,0.2950518382402527
3699,0.7593866831664472
3700,0.816750428558597
3701,0.10006318018101464
3702,0.4449277497240907
3703,0.5540057909304505
3704,0.0981413740897128
3705,0.16116444868527932
3706,0.5877388699838542
3707,0.7840674173066203
3708,0.027878763148029714
3709,0.1292528834771031
3710,0.16185826609957168
3711,0.2842390450377975
3712,0.49049293984971803
3713,0.04520168245171145
3714,0.012052328084076337
3715,0.039657586797090555
3716,0.020093671021092448
3717,0.5323897238253178
3718,0.36267684634863057
3719,0.047580317058460164
3720,0.5971834063789423
3721,0.02193594036923353
3722,0.028695866061007096
3723,0.12182531756355473
3724,0.12851585593568662
3725,0.4693092166056048
3726,0.8948832551963323
3727,0.2036282591278574
3728,0.5055759819504466
3729,0.02591228101632076
3730,0.038358296740160024
3731,0.10418641208217581
3732,0.09180206437630972
3733,0.13608815035047736
3734,0.8858034621092498
3735,0.2289015774730903
3736,0.38667761811985046
3737,0.06522200982000129
3738,0.0072266350760749765
3739,0.10370524143030163
3740,0.02954482371599072
3741,0.04991515848339987
3742,0.07281719577308446
3743,0.24201678168483318
3744,0.049737941305850596
3745,0.10731149797242778
3746,0.034175142099682476
3747,0.6276588795314875
3748,0.029870851950771517
3749,0.6504817687736066
3750,0.6044327336749876
3751,0.046065310669214606
3752,0.018758140297158863
3753,0.32856613423749653
3754,0.006404950275995055
3755,0.44884272594456853
3756,0.00629679726092514
3757,0.7911600433715557
3758,0.07685041329562377
3759,0.008386442816229706
3760,0.12537115979015406
3761,0.5267847948179641
3762,0.019274369720390483
3763,0.40204841448037926
3764,0.15681889372217622
3765,0.16915242233369301
3766,0.0798402417613653
3767,0.15673577596106164
3768,0.026774531441608743
3769,0.1946058549626805
3770,0.16809333946125704
3771,0.5512798133394645
3772,0.14037684705842254
3773,0.5716727565692393
3774,0.17561634508353008
3775,0.03715401348830979
3776,0.07584324699075426
3777,0.022432935583546042
3778,0.7441376599520884
3779,0.06798781860441087
3780,0.05655440382449618
3781,0.12185794618270356
3782,0.028232844276453343
3783,0.04542608541480592
3784,0.04511883061886783
3785,0.38286167028651624
3786,0.04905730983889345
3787,0.07261136231598843
3788,0.10407554453804116
3789,0.5716596745024258
3790,0.1502497149418612
3791,0.12550083318859354
3792,0.045363713366950435
3793,0.1119209052793428
3794,0.01410085235045205
3795,0.041075646306712656
3796,0.36940733476414617
3797,0.09223097890734076
3798,0.34117634447202194
3799,0.09216934345642344
3800,0.21367412182633394
3801,0.020426933731804455
3802,0.14569113386082272
3803,0.11998956957520529
3804,0.013050540209840642
3805,0.18894996042584464
3806,0.07027810483969056
3807,0.2903522708585962
3808,0.11772014284518076
3809,0.4200633306610331
3810,0.2982675985137485
3811,0.44023945371858314
3812,0.34082003419625445
3813,0.0359118921855529
3814,0.025319270336027835
3815,0.010357910062500824
3816,0.08851188520892346
3817,0.10853934054846896
3818,0.7963116108615824
3819,0.10328247130126818
3820,0.08692370170094577
3821,0.5682634082836331
3822,0.2149185125840202
3823,0.018371012440911987
3824,0.5268621051613976
3825,0.06625075288828712
3826,0.11905572659066425
3827,0.36514325704279116
3828,0.16157256726327196
3829,0.037249006694806915
3830,0.07044205107233016
3831,0.36949410255400306
3832,0.16255254740045416
3833,0.06803868916206426
3834,0.3748306894389742
3835,0.01826420844122469
3836,0.057911518260124625
3837,0.6980413824586319
3838,0.020017696101368682
3839,0.24367659671850406
3840,0.10670228991930511
3841,0.011019844139176296
3842,0.02359160267848322
3843,0.4219402189882302
3844,0.033407202569579755
3845,0.10906491036819227
3846,0.25995652228491223
3847,0.030305198253693776
3848,0.07685430524497543
3849,0.04462695759439403
3850,0.49781221396783987
3851,0.14413128247116103
3852,0.30545830060784906
3853,0.06626923651156286
3854,0.40465263922533606
3855,0.2915784171825999
3856,0.053404855856172995
3857,0.011407146993777487
3858,0.07300350448551665
3859,0.09704771119448767
3860,0.026365958696584497
3861,0.0212170678131491
3862,0.23672754036950844
3863,0.011874429625133374
3864,0.018228258075784095
3865,0.06216698374368852
3866,0.08029691797030797
3867,0.2926477378036733
3868,0.23766189485767686
3869,0.2446428686017938
3870,0.025035062983972633
3871,0.2561086292954129
3872,0.6293121361821605
3873,0.4556857625321092
3874,0.12009594932213244
3875,0.17713313926962151
3876,0.3062308282400399
3877,0.32052656771517507
3878,0.3995964675775371
3879,0.026926008126674804
3880,0.23973663756098113
3881,0.32106001326539296
3882,0.583606040881952
3883,0.6907699853361426
3884,0.0758917907177733
3885,0.3499246852905664
3886,0.06143388135441181
3887,0.03192762406743869
3888,0.06412674037885366
3889,0.18093597184715707
3890,0.043229158745958535
3891,0.42060598696988927
3892,0.38444909350919165
3893,0.11255603249940792
3894,0.019184344941117343
3895,0.2026345368114915
3896,0.02173025047888719
3897,0.47879462943534745
3898,0.00841651275254058
3899,0.09851379687575393
3900,0.2648740124047999
3901,0.7730885669548674
3902,0.7871469603232519
3903,0.8215493006215816
3904,0.21303076342007293
3905,0.7454654213574247
3906,0.1114005626490521
3907,0.8508796993910448
3908,0.09495468221506781
3909,0.02817684958175511
3910,0.04630932815746921
3911,0.03188651158449991
3912,0.06787314040605574
3913,0.19441862517884448
3914,0.020579995796625356
3915,0.016123741253429007
3916,0.806527987508402
3917,0.02422543516401933
3918,0.063918188779543
3919,0.03500914325225364
3920,0.03989904376508211
3921,0.08735566499561392
3922,0.022719055816223212
3923,0.037087535765710555
3924,0.13253643025235481
3925,0.4499381108324503
3926,0.7424033559398773
3927,0.051974062502716106
3928,0.6607571886687655
3929,0.045328937090512056
3930,0.1796217588846476
3931,0.1421377448221699
3932,0.03916555578952276
3933,0.025951321824191385
3934,0.00991292996413008
3935,0.4392495681929852
3936,0.36410033519309576
3937,0.21920673263345733
3938,0.34324477898303274
3939,0.1865965996314031
3940,0.05716798889413843
3941,0.034023803333411366
3942,0.5447290352874193
3943,0.015497681741225549
3944,0.11216441178368565
3945,0.21286712166390215
3946,0.2550380586220494
3947,0.012786697595559286
3948,0.044595336071946386
3949,0.011939675027809791
3950,0.2225089522167228
3951,0.06381140776214517
3952,0.07290361991933603
3953,0.06863897249590571
3954,0.2084186825716373
3955,0.4185647960671862
3956,0.550627740840862
3957,0.2860267572214771
3958,0.33076353160310784
3959,0.22562223849692686
3960,0.018781443121706667
3961,0.025576863747413664
3962,0.2369730877465467
3963,0.1078634758396681
3964,0.0769113847525437
3965,0.20183972983764747
3966,0.021484876136906028
3967,0.41334328384048763
3968,0.8254169924413037
3969,0.24599882946637075
3970,0.042054186649497484
3971,0.03309310542757402
3972,0.03471731259847653
3973,0.5159623847676671
3974,0.05343062718370275
3975,0.05072999567609989
3976,0.007892986881229953
3977,0.009110933451704403
3978,0.06026385190963634
3979,0.018474965211697454
3980,0.22754037781299424
3981,0.09483086709404043
3982,0.7145958624002203
3983,0.11120974723669604
3984,0.010159201584372115
3985,0.2349372353691444
3986,0.014198764445415821
3987,0.051413096383046045
3988,0.09336515748903136
3989,0.012754032164800462
3990,0.2608176181444573
3991,0.01261331665261869
3992,0.06350696275755878
3993,0.05173226060902236
3994,0.011798168353877803
3995,0.015115308222859307
3996,0.008843970327108423
3997,0.025905850449273665
3998,0.3004162890853641
3999,0.5610518406014354
4000,0.012355819484447554
4001,0.03025654976894149
4002,0.12583262604761591
4003,0.16561324050400486
4004,0.05730645773578312
4005,0.010765583522720182
4006,0.21411874527798355
4007,0.378267815030296
4008,0.6757138815069125
4009,0.015166785923134805
4010,0.018137435630288693
4011,0.14146532706992443
4012,0.015045078739203634
4013,0.18383480513870004
4014,0.0251151542967167
4015,0.018082497995186717
4016,0.24968468678185002
4017,0.007831239353124757
4018,0.6851851001317139
4019,0.20503759885609263
4020,0.06663788330832435
4021,0.23428419552065385
4022,0.018647472965753295
4023,0.0773692215988244
4024,0.11019544255281359
4025,0.34775373923641517
4026,0.042976346197052255
4027,0.24428943939174197
4028,0.11828939417812531
4029,0.025181030337821896
4030,0.270694396370971
4031,0.1799354496365395
4032,0.012397909854821403
4033,0.035707755940875024
4034,0.28478985564239595
4035,0.5809003334330544
4036,0.09493329372531774
4037,0.2289254227778613
4038,0.20649866577470724
4039,0.10060335495953156
4040,0.026735307238444195
4041,0.13518303717467303
4042,0.03041818311312994
4043,0.04140938333589123
4044,0.028076849846375426
4045,0.021514221579942733
4046,0.2582619088352729
4047,0.12001239800553497
4048,0.009902025381151638
4049,0.01072137127346386
4050,0.018784364667138054
4051,0.702483581210045
4052,0.4475111507754373
4053,0.3594668522121273
4054,0.6531940903124142
4055,0.23278674975720368
4056,0.6221171277556045
4057,0.2958876193693103
4058,0.40526739903221143
4059,0.5513599486591209
4060,0.2336914536195238
4061,0.23390339889917497
4062,0.13805231476053798
4063,0.1903875260750283
4064,0.08671501565487935
4065,0.06758639697006333
4066,0.255535485864854
4067,0.4272919718667283
4068,0.08695157914901545
4069,0.0716013344309777
4070,0.14920138678801842
4071,0.6797784410817244
4072,0.035901012195589915
4073,0.5466585510464922
4074,0.05397585207568371
4075,0.07839902888933602
4076,0.17177733911044177
4077,0.5936235739524598
4078,0.1008753163911912
4079,0.25864524317683596
4080,0.03810352099276432
4081,0.305407734203194
4082,0.06303632054067505
4083,0.019047708228535076
4084,0.08930554526367938
4085,0.6501928755835676
4086,0.06291063862661087
4087,0.42187788115719427
4088,0.6069302911059754
4089,0.19926931333701112
4090,0.432176638157422
4091,0.26413729253942675
4092,0.012676088365673592
4093,0.012028560964224945
4094,0.19872274838514073
4095,0.2662419208070114
4096,0.7999488551503563
4097,0.01956037886985398
4098,0.21740107816516557
4099,0.0328059036406837
4100,0.0926912177851651
4101,0.010936321448547486
4102,0.21951767774191958
4103,0.3970643921570421
4104,0.5289671387560385
4105,0.12486520227928027
4106,0.06567106084543638
4107,0.02418622065089279
4108,0.13644102172072314
4109,0.021324692011248304
4110,0.05211187429225311
4111,0.36853606731723065
4112,0.13159891535456636
4113,0.4735664367667579
4114,0.0973596883871717
4115,0.17608351150808774
4116,0.02710817202119524
4117,0.01730700942350949
4118,0.15170773854614109
4119,0.016828572053736047
4120,0.29758225072915145
4121,0.017984881630456646
4122,0.02267302503788077
4123,0.04730550628927864
4124,0.6669408496181788
4125,0.6700020200171943
4126,0.5254450511011373
4127,0.07503908763989818
4128,0.01738562102189653
4129,0.11583545639471653
4130,0.05040391650126666
4131,0.01827893647730591
4132,0.07230354871362868
4133,0.7118199086088224
4134,0.04405168368766402
4135,0.02549096057148033
4136,0.37983356800444895
4137,0.09896023416956765
4138,0.46962042788510366
4139,0.35564272478664544
4140,0.09593375632285765
4141,0.3869616098634269
4142,0.13836986046164693
4143,0.037546362528513656
4144,0.29517048290799347
4145,0.32782089045431634
4146,0.0323834566882071
4147,0.3570160871435299
4148,0.053370993785425654
4149,0.07510148129748555
4150,0.04514021109646586
4151,0.34310676860473077
4152,0.025562324171113416
4153,0.11725296964911969
4154,0.18171688352888657
4155,0.14449048963795025
4156,0.04268230072227163
4157,0.18756250060356278
4158,0.09822632342746074
4159,0.05057304089401667
4160,0.03281023200691383
4161,0.9065644705432213
4162,0.3515626577875838
4163,0.01274947005178541
4164,0.7328542940657257
4165,0.29199951848387423
4166,0.1674345929205906
4167,0.008053440421059576
4168,0.7348206357535839
4169,0.6739176818299062
4170,0.5090105292576332
4171,0.1737765442313892
4172,0.2466072078382976
4173,0.38177423407796307
4174,0.07470919965132541
4175,0.027786913537950802
4176,0.01632143460091367
4177,0.021787607982760283
4178,0.03008784806469586
4179,0.00851226975347905
4180,0.02413976887774891
4181,0.01784793473550843
4182,0.35240523679376995
4183,0.24616289717684975
4184,0.1026179615940671
4185,0.6206025885368779
4186,0.015183222295647175
4187,0.16314601808543802
4188,0.016175973465923248
4189,0.5208202883395961
4190,0.8215381332044195
4191,0.5866787951950837
4192,0.028279505451348164
4193,0.09636191959696144
4194,0.038648534542677304
4195,0.4705756114134819
4196,0.3776001091776212
4197,0.31660574765503824
4198,0.04714257792426173
4199,0.025271535675626986
4200,0.675048259832937
4201,0.22775975065732945
4202,0.9184815018353324
4203,0.36797500597965277
4204,0.05734474196450257
4205,0.1758042273245059
4206,0.4050689966623602
4207,0.024017611762153945
4208,0.04927315052031634
4209,0.8790684865485006
4210,0.47010337373674593
4211,0.13774151976985163
4212,0.04731847237359433
4213,0.010560859235614766
4214,0.09057762456612052
4215,0.04784685747908927
4216,0.5862114711918953
4217,0.057887589873833835
4218,0.7977292365798295
4219,0.07325054228096353
4220,0.02677468465027513
4221,0.012033809692631956
4222,0.0875751299947248
4223,0.05936655768654149
4224,0.017784518789317097
4225,0.01544404540106935
4226,0.1270732156212247
4227,0.04954813859739345
4228,0.03866059291062697
4229,0.04433199171986882
4230,0.03185264725070022
4231,0.026098060817853062
4232,0.014731831509067712
4233,0.1650399880068602
4234,0.04925917406682152
4235,0.7462899077558526
4236,0.1420420720759838
4237,0.016254692324961816
4238,0.8490950337431729
4239,0.08010772501344274
4240,0.019511381638563495
4241,0.753612171123806
4242,0.6860521286886502
4243,0.16369412672237735
4244,0.17320310633574082
4245,0.016169830350514086
4246,0.2943760568004069
4247,0.010155352323473416
4248,0.08757202785752377
4249,0.16941322062237973
4250,0.7616721589656511
4251,0.7702680170989883
4252,0.5990072343173993
4253,0.02079374964973988
4254,0.4312105682949853
4255,0.03487560910471076
4256,0.10902813311622682
4257,0.017407972198389455
4258,0.12638140786435004
4259,0.5374282032010483
4260,0.6215060474261215
4261,0.13139576938535835
4262,0.032074176632648124
4263,0.0315607626696866
4264,0.10964913500674413
4265,0.01737247163922948
4266,0.011062961908142925
4267,0.010981803193824463
4268,0.09957100658625127
4269,0.32747649002859436
4270,0.06411106280438172
4271,0.11491068156715553
4272,0.21893015571551583
4273,0.24322459651397527
4274,0.20354926908872395
4275,0.013999060381178676
4276,0.06153212872458441
4277,0.07834788062933334
4278,0.012069183725757259
4279,0.17835750532820707
4280,0.43640871485675226
4281,0.028921845780325077
4282,0.028610405959429396
4283,0.07997052497371204
4284,0.015143149221574701
4285,0.23307534227007795
4286,0.02975683868260593
4287,0.1094827857459076
4288,0.11684652221224216
4289,0.7527933280278614
4290,0.043425902492718084
4291,0.017839120443947924
4292,0.47757199455231647
4293,0.07871202891162846
4294,0.029834573304474983
4295,0.3841599787325777
4296,0.16111616186089092
4297,0.1488155376477956
4298,0.19740553707465852
4299,0.09203412723231555
4300,0.2925840308156448
4301,0.009667423999312516
4302,0.5974698523996617
4303,0.3419139004470743
4304,0.2253927315410469
4305,0.012617203177936761
4306,0.20123566080525784
4307,0.037723361541005765
4308,0.01257015923588676
4309,0.024981380696866715
4310,0.33809555188114726
4311,0.1814672307619952
4312,0.1792857720056344
4313,0.02455615688186701
4314,0.5963663248076451
4315,0.01276802454538141
4316,0.12200530351566999
4317,0.09603286662310405
4318,0.034811127043010474
4319,0.14752520984916137
4320,0.825404686998051
4321,0.08867431197002841
4322,0.029266814815492485
4323,0.19495402913541393
4324,0.11261736097715254
4325,0.3194547957016301
4326,0.03837003122034744
4327,0.11855714793963341
4328,0.02012895995623441
4329,0.036347942101554724
4330,0.05615921006354571
4331,0.012790266139924237
4332,0.02724823554463957
4333,0.5559992416294292
4334,0.7484098026405976
4335,0.006714604278652072
4336,0.049721180275932114
4337,0.0713748836495738
4338,0.006282019841515399
4339,0.05916182152929186
4340,0.056546130703458146
4341,0.5899447906192277
4342,0.5363270260198154
4343,0.019121347880407712
4344,0.1810177881548665
4345,0.19172540780415898
4346,0.01590335023074433
4347,0.0332230186890814
4348,0.137194111598841
4349,0.4701178082488091
4350,0.422682159881709
4351,0.09398924523760484
4352,0.4052748815526027
4353,0.01734876203578619
4354,0.08357091972032436
4355,0.04889392916272627
4356,0.05868538454509705
4357,0.050390606460602616
4358,0.20944122564158063
4359,0.02621442589680706
4360,0.7109569291063599
4361,0.02786969995180459
4362,0.29522407398814554
4363,0.5502613418772723
4364,0.060666719094018336
4365,0.25227438025262394
4366,0.9093945762011595
4367,0.11992578677137149
4368,0.598375327180428
4369,0.5515428665481809
4370,0.042423923125815534
4371,0.021896250033117882
4372,0.40197243703736024
4373,0.15225450581187938
4374,0.050779187366567106
4375,0.1157626031850091
4376,0.062401209874179686
4377,0.0427037218314477
4378,0.011776479207869537
4379,0.052156239203231085
4380,0.09937814357966189
4381,0.8354675525148882
4382,0.15187149594164123
4383,0.12117575175165403
4384,0.21079994127013726
4385,0.01915033516622463
4386,0.04952714950413654
4387,0.4932027821800316
4388,0.1324723155464958
4389,0.0215787179484793
4390,0.01801399983134318
4391,0.1277681205312167
4392,0.1642939309631188
4393,0.11583740844339008
4394,0.07023400846978962
4395,0.02861169661710642
4396,0.5777786483918298
4397,0.04351967511956896
4398,0.21151247839787832
4399,0.055401822118252675
4400,0.5242057126114715
4401,0.349165596654784
4402,0.16035487380587057
4403,0.8208549842147898
4404,0.0411490418399721
4405,0.01785170944532766
4406,0.008130436841003882
4407,0.0370538928746016
4408,0.10351487104460036
4409,0.17522658302433053
4410,0.01402273149042983
4411,0.023513646016367584
4412,0.7445460409212542
4413,0.1029152503868149
4414,0.08927747862995428
4415,0.0437581160563265
4416,0.42659225086131974
4417,0.315644068692557
4418,0.09456214455142281
4419,0.4377483452049074
4420,0.666435301641189
4421,0.10953853658475438
4422,0.2845500851769134
4423,0.08886301720509358
4424,0.12832566263225112
4425,0.07856043169577961
4426,0.6758996349511377
4427,0.6489778046305846
4428,0.4682272918285536
4429,0.06425335397421018
4430,0.09596095020917374
4431,0.8622528147535893
4432,0.1377796649827704
4433,0.03471183943551266
4434,0.22039834061105704
4435,0.03343120956837044
4436,0.22224551873221796
4437,0.843100057864012
4438,0.2820346879783889
4439,0.025043621138106174
4440,0.020056374795971194
4441,0.2833640583961622
4442,0.6098761849791148
4443,0.021917543736901562
4444,0.06074568437398655
4445,0.46116184287355055
4446,0.009909960337723914
4447,0.09718681633335428
4448,0.028548347215476912
4449,0.37139376625446596
4450,0.0395993408907711
4451,0.04836859273458741
4452,0.02814911928575142
4453,0.056351875764840305
4454,0.6683786540663129
4455,0.6038262238594643
4456,0.01717452303417563
4457,0.010560898623457687
4458,0.019927536655987038
4459,0.043635145888627026
4460,0.07638364386437216
4461,0.012506891509895186
4462,0.16425021580079677
4463,0.09098116587682425
4464,0.08027488643459335
4465,0.11124536029219764
4466,0.20538182343200825
4467,0.007618201096737702
4468,0.03664820171811594
4469,0.010592209421692879
4470,0.0465685549857554
4471,0.27786425672115395
4472,0.0783709898204993
4473,0.017042683395621518
4474,0.09645662121702975
4475,0.17453619131319162
4476,0.6235857370010557
4477,0.011936068936125083
4478,0.08399521085917813
4479,0.22152431242137038
4480,0.09279277631983282
4481,0.10504754336270596
4482,0.01760905504882875
4483,0.01995529740341016
4484,0.44495933936642534
4485,0.46717721551301306
4486,0.13327074977319953
4487,0.04624743432101023
4488,0.12520260022163174
4489,0.1131579076986782
4490,0.04296430204468522
4491,0.0062189170101057244
4492,0.7740907697574109
4493,0.03045672516654859
4494,0.06657545037208516
4495,0.3934422851040373
4496,0.012171158979317209
4497,0.33657043411994536
4498,0.4530232254100362
4499,0.014726617653985143
4500,0.6205180151703655
4501,0.25105132651449225
4502,0.02678794513530857
4503,0.19683763115592748
4504,0.20130688511337785
4505,0.43558826239649207
4506,0.33234811239055784
4507,0.2931405108881877
4508,0.12568902977242644
4509,0.671162461277216
4510,0.018945038654377296
4511,0.06919748305332268
4512,0.314823610971928
4513,0.010875798749207608
4514,0.1073576841803285
4515,0.035170009061929096
4516,0.12435187913275036
4517,0.07706081783560127
4518,0.02557850887428286
4519,0.012585237863393982
4520,0.021372209708245375
4521,0.36339202171583795
4522,0.011178960970277688
4523,0.023294344606508657
4524,0.0209152013318987
4525,0.03713015619253973
4526,0.014917592241259917
4527,0.04403420625559764
4528,0.6481972901763028
4529,0.07056707577164287
4530,0.19608444418495016
4531,0.826279560364628
4532,0.11982093764872008
4533,0.8425035705953952
4534,0.15792025471284432
4535,0.35411899223980325
4536,0.018520835397887035
4537,0.22809778696264563
4538,0.02983800057476996
4539,0.04771592409699572
4540,0.015812173295405244
4541,0.15583294140722131
4542,0.012911497476963334
4543,0.012977681652231676
4544,0.728975540956649
4545,0.048132149681435775
4546,0.028713471750525767
4547,0.440902160491987
4548,0.859864873736395
4549,0.04902054317551475
4550,0.5212178398123083
4551,0.06606023341030864
4552,0.010296448195323136
4553,0.010463520446352053
4554,0.060651495184205054
4555,0.11056772654289966
4556,0.23532006146977363
4557,0.542163571006353
4558,0.04286558361489502
4559,0.02316138765985842
4560,0.044853319298959755
4561,0.4631424447699768
4562,0.7858322066427541
4563,0.8572464543500201
4564,0.3625097238145034
4565,0.16345148603653628
4566,0.0399614192579044
4567,0.018282169774311106
4568,0.2482786230563423
4569,0.09215640133898595
4570,0.12106783877549743
4571,0.8128026439553396
4572,0.13051410349821535
4573,0.02793035884639965
4574,0.06309112501163754
4575,0.09876708133684656
4576,0.03560455784094546
4577,0.4452917814245513
4578,0.026415825263785397
4579,0.05477221636157818
4580,0.04706383258057891
4581,0.07514425764252013
4582,0.14390757870866935
4583,0.8121516021962626
4584,0.06719156766543691
4585,0.20876124931879736
4586,0.192832553449653
4587,0.03442236593496604
4588,0.05401113901216835
4589,0.1645396782537006
4590,0.10633330611201815
4591,0.08178495618446331
4592,0.16714717345079877
4593,0.5764712094629043
4594,0.24677396205496557
4595,0.200584205521785
4596,0.06075056975309757
4597,0.1673756161707504
4598,0.6655620504249722
4599,0.2054347676961573
4600,0.08229531186282883
4601,0.42394737287897183
4602,0.11064233482400283
4603,0.09122357959029793
4604,0.06571548529425467
4605,0.2903757981287797
4606,0.7046251113685357
4607,0.07763121846913527
4608,0.40325839841481254
4609,0.5229890207818731
4610,0.8025916883515272
4611,0.6456403760140075
4612,0.13523637610438977
4613,0.4588580989746377
4614,0.0464081371153577
4615,0.13099947095756723
4616,0.4407412739389625
4617,0.16420155083118104
4618,0.18345995183691388
4619,0.6177931595326425
4620,0.5611658509782466
4621,0.08988677879433324
4622,0.29623132726829005
4623,0.4240654281033289
4624,0.8493007830829493
4625,0.5157856266011166
4626,0.01955325282340576
4627,0.05520195088649188
4628,0.33401173591587935
4629,0.8532540039205356
4630,0.8549020047350847
4631,0.17856372604553186
4632,0.5118637896144268
4633,0.9263747638916608
4634,0.9394699842524704
4635,0.4950782496190466
4636,0.03487158205773911
4637,0.052036890945290556
4638,0.20452428506915105
4639,0.01591891061449165
4640,0.5374446947106482
4641,0.0551481534058227
4642,0.25264541578636607
4643,0.03533935294492301
4644,0.4460589806259275
4645,0.5981475703646844
4646,0.8204762186463244
4647,0.7691712677777255
4648,0.6901835416678693
4649,0.48577671121727833
4650,0.12720098175811806
4651,0.030707565373427982
4652,0.017658965740870485
4653,0.1675127679809496
4654,0.10953763372173261
4655,0.13108079545803622
4656,0.7425660724813018
4657,0.6525161818377699
4658,0.01218233587220195
4659,0.3923280509222558
4660,0.5207695924413066
4661,0.11393358051369801
4662,0.9045688534728655
4663,0.6613993588233228
4664,0.02425013200342869
4665,0.17659417043713965
4666,0.05255893876734457
4667,0.04387178187207747
4668,0.21321619930740787
4669,0.33527969342020036
4670,0.1678482943809142
4671,0.037521464471429296
4672,0.306135184752247
4673,0.06717881559931756
4674,0.024635429722015222
4675,0.719163567378443
4676,0.405771554626859
4677,0.553234791450356
4678,0.38975279355104
4679,0.5455440973973361
4680,0.01495384458093267
4681,0.012649063227853646
4682,0.7336170732890646
4683,0.7704062330504955
4684,0.20542151958184604
4685,0.36563685525340234
4686,0.5145116012024131
4687,0.8800275171437921
4688,0.3904680268869237
4689,0.47201332326494017
4690,0.2907827619613167
4691,0.12200348433180702
4692,0.7242068755895451
4693,0.009472220018196658
4694,0.12807366178930743
4695,0.12267602774321948
4696,0.09004564614696549
4697,0.027041110189817048
4698,0.10974385179733734
4699,0.6828746189338848
4700,0.28607158834403684
4701,0.81710454894712
4702,0.24452981616860425
4703,0.08192006043042203
4704,0.017310183901873662
4705,0.2188367709883351
4706,0.035330931057500396
4707,0.25447119864105067
4708,0.5549291961992062
4709,0.12233610443279598
4710,0.26062290831699364
4711,0.02695913183671333
4712,0.04893420161050331
4713,0.8771716657744227
4714,0.7884910821788187
4715,0.08966971437182604
4716,0.8098819309629248
4717,0.09492128269821523
4718,0.14357475028719677
4719,0.03772817053847693
4720,0.38065021998509413
4721,0.014958850180711471
4722,0.2794090329768746
4723,0.1378554464512026
4724,0.1960577983468946
4725,0.8370677588898084
4726,0.009792181575452634
4727,0.14883940108544397
4728,0.2926796100027817
4729,0.8493020141761339
4730,0.02089295649387205
4731,0.02970626865938263
4732,0.03451121407185545
4733,0.08807087245600481
4734,0.08152686201009254
4735,0.020996291322808898
4736,0.6702899402658709
4737,0.6745239341409154
4738,0.7631613778725505
4739,0.03696346656645937
4740,0.45690554655823773
4741,0.46704647016080614
4742,0.09691362334402177
4743,0.013837666506396017
4744,0.7478392330871688
4745,0.9098454797378152
4746,0.012848052123414336
4747,0.12614957015878767
4748,0.01648276561096626
4749,0.6693287012863128
4750,0.043405677507863
4751,0.08705743689674458
4752,0.12066274558500216
4753,0.15590524232878059
4754,0.08209781644025846
4755,0.4035002768847748
4756,0.351807244288946
4757,0.14174317001168588
4758,0.44526370925000053
4759,0.12615154437060286
4760,0.061267217649906947
4761,0.0068865280192626456
4762,0.8316109579232965
4763,0.6210654377045692
4764,0.7025452225085542
4765,0.7047859262294767
4766,0.8280124905638843
4767,0.024697756223452463
4768,0.20305823406571036
4769,0.21789943690860913
4770,0.02267112765382437
4771,0.021673377058795892
4772,0.10937789234206913
4773,0.03712891827476239
4774,0.017591381196661468
4775,0.01807665351690358
4776,0.00981690583834632
4777,0.09570618519866293
4778,0.07861798300990157
4779,0.03932087527848382
4780,0.12357473276589098
4781,0.0594608761464871
4782,0.030535066919697967
4783,0.01804561505942571
4784,0.008857871196793394
4785,0.7474671851411829
4786,0.10416639079127908
4787,0.019221235747423404
4788,0.347006102514621
4789,0.023099752084304852
4790,0.016384261098627253
4791,0.023900702894230377
4792,0.40581119374172653
4793,0.7828611320784384
4794,0.011824506352595427
4795,0.7610594589283929
4796,0.08445792157199468
4797,0.527757865926629
4798,0.06635633069072722
4799,0.02776345471154488
4800,0.0571256433730027
4801,0.14259139747481028
4802,0.04626358034229748
4803,0.7353268820572566
4804,0.05720981483099395
4805,0.0801765263465286
4806,0.4106339383172219
4807,0.4266475019606284
4808,0.5401702708945373
4809,0.7504621929860963
4810,0.30898251916812797
4811,0.023809111159055752
4812,0.7316473254369286
4813,0.026713190354213913
4814,0.17669462288280574
4815,0.016751014970286405
4816,0.006907930453728998
4817,0.054256885596997234
4818,0.19378136589114078
4819,0.020960177275838675
4820,0.20759091330427354
4821,0.013137424599949658
4822,0.0529705296312159
4823,0.010581069804177091
4824,0.1380069229000648
4825,0.010598090218910398
4826,0.07941894817333144
4827,0.014276291054317106
4828,0.7915480372891089
4829,0.17425753538659683
4830,0.5504323947660714
4831,0.01421207411047735
4832,0.8746116852678714
4833,0.5103690308086655
4834,0.7786777927005469
4835,0.012308372983965067
4836,0.13170554310660262
4837,0.10932056382528832
4838,0.16293394713246317
4839,0.09182536504029862
4840,0.11273128025691691
4841,0.04447074873899151
4842,0.020818494274603576
4843,0.11843373521110048
4844,0.0644714241024685
4845,0.295929314239243
4846,0.08848474470132865
4847,0.07901164497451893
4848,0.26654430204973883
4849,0.07872164190602468
4850,0.01875540787224957
4851,0.03128912800986919
4852,0.023771041842869035
4853,0.011448602992044818
4854,0.14965388028337145
4855,0.030649120735518832
4856,0.024893547664900244
4857,0.014329539778947336
4858,0.03858618107462332
4859,0.19035301988587724
4860,0.909185626778531
4861,0.19787869774841946
4862,0.7186705106184474
4863,0.18423206110120569
4864,0.4620141382712002
4865,0.2832483059167252
4866,0.23360200663402486
4867,0.03665596629793526
4868,0.05730818356919479
4869,0.07127082910752895
4870,0.041083090497977336
4871,0.0277252163524021
4872,0.14294909055494728
4873,0.1310829862498758
4874,0.16406517103270235
4875,0.301113447589457
4876,0.0828053611911958
4877,0.03194306683561676
4878,0.091136096732734
4879,0.0139497964964996
4880,0.16793526921916738
4881,0.09244100073123544
4882,0.6756287974805512
4883,0.040022884713341096
4884,0.01525594245713542
4885,0.2077959419703761
4886,0.03418897256368629
4887,0.05244885435989063
4888,0.016324290634580168
4889,0.011962041775835975
4890,0.015170475988054124
4891,0.02729228000899835
4892,0.3443121997145315
4893,0.7636403146537908
4894,0.008181627576008061
4895,0.390219233202685
4896,0.48466762704573435
4897,0.18518132273631116
4898,0.081565177562225
4899,0.00881519381058045
4900,0.07948268854463349
4901,0.3309402290734602
4902,0.05299861725765423
4903,0.5986124673792006
4904,0.31190414719408954
4905,0.24026196660875906
4906,0.13803085823150618
4907,0.6708140591098153
4908,0.08613151733435029
4909,0.15710796565201374
4910,0.03547524010127584
4911,0.5951159310829024
4912,0.039764754313440294
4913,0.10384364470855131
4914,0.4091339106248689
4915,0.05787657719471627
4916,0.05801021906835585
4917,0.20009022836932866
4918,0.4016972371907338
4919,0.511585867871433
4920,0.01220654169494964
4921,0.02674946813140786
4922,0.030572931965698436
4923,0.48118642066497075
4924,0.032494828721167206
4925,0.3600349173704092
4926,0.01276846241432521
4927,0.21208764356590554
4928,0.01936206719629903
4929,0.04694158608891452
4930,0.20677995781239944
4931,0.43513896635592986
4932,0.4632593272862566
4933,0.20438710773058547
4934,0.037265098577178336
4935,0.13269867134935256
4936,0.14109958368699613
4937,0.060587065855175856
4938,0.054190994854452654
4939,0.5272385073593591
4940,0.012348006625622262
4941,0.226131006961921
4942,0.029511223668538755
4943,0.2640720942331342
4944,0.10682259526285573
4945,0.0721208798343861
4946,0.04740971951378839
4947,0.1299749069434797
4948,0.5811677178003171
4949,0.4936215902346038
4950,0.18513564564695417
4951,0.018445964039511025
4952,0.18798784253414158
4953,0.12475163542265062
4954,0.2062901078230447
4955,0.23124382557063827
4956,0.10760256279645229
4957,0.10612336473850664
4958,0.04589448005883397
4959,0.3092382601091981
4960,0.07794348162698422
4961,0.08030700886676856
4962,0.5515738580183336
4963,0.16965085570033026
4964,0.2987727475354742
4965,0.17432689873675078
4966,0.18836339287482565
4967,0.34416395684930784
4968,0.04066930321960042
4969,0.0299434555021617
4970,0.6714901236706922
4971,0.610076179555259
4972,0.5256010601329456
4973,0.09839043283670751
4974,0.10875980686193235
4975,0.340194586017186
4976,0.12118725685129217
4977,0.2026281083368413
4978,0.32466930104622627
4979,0.012705838472733145
4980,0.1309553015485105
4981,0.15743994435231531
4982,0.017463032353884994
4983,0.48887212465402735
4984,0.7076104961960125
4985,0.09838811871199746
4986,0.18954665824155692
4987,0.29970008017074373
4988,0.010711539519407202
4989,0.4999749679993858
4990,0.16988421550438054
4991,0.13925718886318544
4992,0.18641747563503697
4993,0.28744664365453426
4994,0.02058615163816886
4995,0.02585841897690609
4996,0.19274694008840634
4997,0.5572902118277603
4998,0.23206597520977887
4999,0.5427663810138722
5000,0.3024747211371024
5001,0.4043224590320037
5002,0.17399972604800415
5003,0.02405512991582804
5004,0.016538430824154328
5005,0.012431546383645688
5006,0.6119947197897901
5007,0.18650689607749224
5008,0.025795470103824093
5009,0.009684477469710465
5010,0.10724997021053959
5011,0.023342738676407206
5012,0.5963555950821806
5013,0.8356200277709607
5014,0.015878089897086837
5015,0.3213138485460165
5016,0.21299968201898598
5017,0.733084648589643
5018,0.01382102452561506
5019,0.012204290661567106
5020,0.050825517341003934
5021,0.023442897671773974
5022,0.024871250074587976
5023,0.673824889861745
5024,0.12013568747610327
5025,0.02151813131963388
5026,0.20391019359699344
5027,0.03358582311502295
5028,0.058121038927535056
5029,0.04186985791099044
5030,0.22052592090614917
5031,0.018147676143227674
5032,0.7231737874586963
5033,0.1363960028423103
5034,0.15227082968146796
5035,0.052595986399575224
5036,0.14558884302018962
5037,0.03646687419532674
5038,0.02307263561860228
5039,0.10758663691073951
5040,0.029906341580036876
5041,0.06382853589727634
5042,0.009467681962706836
5043,0.04412425704173035
5044,0.010424582846738289
5045,0.007621815944966446
5046,0.6716743776980375
5047,0.3385895441186712
5048,0.023129882916720912
5049,0.019698117619005237
5050,0.07846116482064949
5051,0.7738226655628686
5052,0.011613579877514393
5053,0.21479554590618408
5054,0.18191008385468296
5055,0.7996743902042264
5056,0.28639868241808014
5057,0.05212038970338865
5058,0.025458052251892845
5059,0.10102689820593469
5060,0.6211933456423273
5061,0.612558558424636
5062,0.5626517036965418
5063,0.07398429561981847
5064,0.6877535419336867
5065,0.032216254433268136
5066,0.5827237537043837
5067,0.03316273802414052
5068,0.02710937298975218
5069,0.05918576746206667
5070,0.05894931591321592
5071,0.7740048303346052
5072,0.8016089986867332
5073,0.07908440554281507
5074,0.06410164012732956
5075,0.028482830389752623
5076,0.08708959080849589
5077,0.7016873143936564
5078,0.8480477634224954
5079,0.4536480158491125
5080,0.09915747685533358
5081,0.012297185117624345
5082,0.7882957764393586
5083,0.046119852594422125
5084,0.057343936411222644
5085,0.13342453027535786
5086,0.12803114713082944
5087,0.35022844794700925
5088,0.16718445584451908
5089,0.23606528822351527
5090,0.3990315091954904
5091,0.7358756721593975
5092,0.04659123214550924
5093,0.09175580000935321
5094,0.31189630352807535
5095,0.037667405893651563
5096,0.6494450513896687
5097,0.02274872506467893
5098,0.015392286430510592
5099,0.011699403815840228
5100,0.07355465235144228
5101,0.051253708874310314
5102,0.7344376719506817
5103,0.8258050181472318
5104,0.8065289511293433
5105,0.83299491030722
5106,0.06089727411257246
5107,0.23811120398757044
5108,0.5046974547314044
5109,0.07069712480912671
5110,0.01649726007331634
5111,0.049929202675714573
5112,0.6226202475461661
5113,0.16309909895156852
5114,0.6458778064049181
5115,0.024369605332308957
5116,0.008661568814368345
5117,0.2574595228261962
5118,0.024445913617393077
5119,0.46885252102063535
5120,0.014429726862996586
5121,0.0769015104509161
5122,0.38845139888920993
5123,0.06478785098449441
5124,0.04656531488533743
5125,0.21867906163017456
5126,0.5605597717775017
5127,0.14932480416903604
5128,0.2036350883298744
5129,0.363485226968352
5130,0.054353297592310605
5131,0.6386617783384108
5132,0.213587676740649
5133,0.25397591756147814
5134,0.3894728111685837
5135,0.04267486498393001
5136,0.1315802250431658
5137,0.03469720661689
5138,0.10684028729013825
5139,0.042417030813816994
5140,0.21602438184530015
5141,0.07682511331148438
5142,0.030885660289774526
5143,0.16181549933258385
5144,0.16003217022579558
5145,0.6407647461955311
5146,0.808147612901985
5147,0.29325136161636794
5148,0.8610906723385586
5149,0.19914359943264126
5150,0.48053526169726357
5151,0.37527311617437664
5152,0.6113286473254896
5153,0.7988693523522805
5154,0.07759430824236305
5155,0.1013137909687299
5156,0.14387979965252304
5157,0.3812679680458705
5158,0.7354719019025665
5159,0.06734467130390927
5160,0.5324813843301976
5161,0.33549822059647416
5162,0.040072842590060366
5163,0.08641996938881376
5164,0.22667403313882575
5165,0.44336077992422934
5166,0.048217722575682874
5167,0.9018017673709763
5168,0.09359004498992134
5169,0.010243470443623264
5170,0.1526748755868994
5171,0.32323184287617623
5172,0.5761149541082914
5173,0.10750879960259108
5174,0.00961601708906719
5175,0.5879212986470985
5176,0.07214939977074016
5177,0.45930460291924907
5178,0.0767554255577619
5179,0.1009347192212571
5180,0.26183689686410583
5181,0.34111713995771004
5182,0.03932870456698176
5183,0.6337396008792233
5184,0.19829192393758416
5185,0.019716942274984703
5186,0.11964136146535548
5187,0.45591578416196205
5188,0.1742214687357242
5189,0.6718165759912754
5190,0.03644162133743973
5191,0.03786919126724349
5192,0.21428467300091533
5193,0.012558078006916976
5194,0.02042592773765335
5195,0.008122607356375504
5196,0.05066938564348797
5197,0.09519668488799654
5198,0.008800046213437206
5199,0.028342344086284624
5200,0.008670191115819443
5201,0.31602027163171487
5202,0.025817865719153555
5203,0.037155045085406214
5204,0.009369531772654502
5205,0.4113422144659323
5206,0.08693663070480458
5207,0.03621379123558843
5208,0.8171569766361855
5209,0.6223986480130819
5210,0.4769978808657441
5211,0.10157064268618833
5212,0.06649478589836562
5213,0.04541451914925125
5214,0.027516436008127323
5215,0.0238191973969858
5216,0.1583387646499295
5217,0.4075636001840324
5218,0.5902681316562659
5219,0.08944080493619602
5220,0.19342445906485195
5221,0.32100785298081647
5222,0.5949600130815257
5223,0.08840573097774444
5224,0.33456258152805135
5225,0.34673104484253564
5226,0.8139914535698821
5227,0.024048824157204673
5228,0.058134729682239296
5229,0.0729925209487823
5230,0.4950431716288433
5231,0.04044633520304168
5232,0.03384129959857942
5233,0.15943695124029064
5234,0.5826705067364114
5235,0.16452752044028024
5236,0.33109631467809925
5237,0.051061942934222594
5238,0.039620074547277784
5239,0.06687427966069467
5240,0.009640517020135365
5241,0.1259277917174429
5242,0.5536669027740756
5243,0.0439040217410564
5244,0.47884124743925005
5245,0.057532371808018824
5246,0.3415711120191145
5247,0.05887402629994157
5248,0.5253795572339038
5249,0.2686246403637978
5250,0.06777701697448574
5251,0.01969357027343546
5252,0.02086342873584771
5253,0.013280719248491968
5254,0.008837380862789289
5255,0.04353395595834478
5256,0.734286246291308
5257,0.028606716657817766
5258,0.03819642908582861
5259,0.2663977455450551
5260,0.26101229425659234
5261,0.04333424638157658
5262,0.01616741576357861
5263,0.05578401904383968
5264,0.25829920278580054
5265,0.22014651324808987
5266,0.04200460411761951
5267,0.6115514781244323
5268,0.8525330884818247
5269,0.017098800660498802
5270,0.021592231740122106
5271,0.06724371925083815
5272,0.5295537013080363
5273,0.5207687661824524
5274,0.0984434688952134
5275,0.015163575013250484
5276,0.018181573628883355
5277,0.06782849293761353
5278,0.1709446349107213
5279,0.024339287077778004
5280,0.18591651559909173
5281,0.2022037236561203
5282,0.042896655452353036
5283,0.14661217648959
5284,0.8277205506879796
5285,0.07991372890031274
5286,0.02642007864326717
5287,0.07689761474833505
5288,0.09992548724639035
5289,0.11110872837823678
5290,0.14414896499437171
5291,0.011229978177331698
5292,0.03780670462244331
5293,0.027598034737423154
5294,0.22050928987114066
5295,0.051864356953631396
5296,0.015556287763423717
5297,0.7502495315675619
5298,0.07805524164652429
5299,0.09560028304407472
5300,0.12516245975065088
5301,0.30990736514630435
5302,0.02108358077826481
5303,0.020614863075030646
5304,0.4514703667810052
5305,0.013868965970018023
5306,0.2256218578414739
5307,0.02463953666551576
5308,0.06968656475944619
5309,0.08776557459145971
5310,0.01906667963387585
5311,0.02389163504116571
5312,0.024251563524052454
5313,0.31894608393761675
5314,0.015159250629503039
5315,0.010253897993197527
5316,0.7100633140178669
5317,0.007688741710641288
5318,0.13500741918619694
5319,0.012567475776470306
5320,0.39414122648479366
5321,0.5698088585434734
5322,0.15036320499869363
5323,0.1045217233778541
5324,0.14140659138293624
5325,0.5988520051661607
5326,0.022069340847228947
5327,0.029931444629030017
5328,0.141321019578294
5329,0.6209477440886664
5330,0.03693157854356379
5331,0.05010772968476867
5332,0.520052329196252
5333,0.7513716551814004
5334,0.054314067592298836
5335,0.038812666715382436
5336,0.23741036994956086
5337,0.22932916857949368
5338,0.24113697784625726
5339,0.09457605590908025
5340,0.08572742555150414
5341,0.8497766991132167
5342,0.06212376240628125
5343,0.05787173058692114
5344,0.1559379803630305
5345,0.10242118493193382
5346,0.1566799348853443
5347,0.40121179250711053
5348,0.06418746258655043
5349,0.12150222723379614
5350,0.47654208796680403
5351,0.015719878252495646
5352,0.02675906044419744
5353,0.5714966425725019
5354,0.007150805648724691
5355,0.16791537122202455
5356,0.014921921337149474
5357,0.8724289334569443
5358,0.1457803286588807
5359,0.0543868689600389
5360,0.005903773970086709
5361,0.36019096108364557
5362,0.01806023387329145
5363,0.05473705668045542
5364,0.14827317229576636
5365,0.4741392452991751
5366,0.17523790313940765
5367,0.032046284617182445
5368,0.40271519559955354
5369,0.13360546924995562
5370,0.086522257803141
5371,0.08643288708270778
5372,0.192133922898236
5373,0.5296113098646482
5374,0.01628365509991921
5375,0.0866492345166547
5376,0.10654688078785401
5377,0.049650386524290595
5378,0.09810612992559246
5379,0.2771552338902925
5380,0.2053953697729759
5381,0.059673238828625144
5382,0.04157132978658866
5383,0.03371488961842292
5384,0.059956013093682106
5385,0.12425201031754661
5386,0.0555269500919871
5387,0.020630085752022808
5388,0.5400492019837515
5389,0.028964292069512693
5390,0.35565672516016655
5391,0.15981751976220515
5392,0.4197878726971057
5393,0.019243251844012686
5394,0.026149583914142505
5395,0.13167337345255606
5396,0.054516981408805766
5397,0.3234304158154742
5398,0.03269530697893493
5399,0.7594559009685748
5400,0.2916222409178863
5401,0.013378422371276668
5402,0.021325283389310445
5403,0.011774822636795336
5404,0.7330502122577557
5405,0.23656440162264825
5406,0.2205910138008185
5407,0.17836729703225976
5408,0.22546291941707908
5409,0.43693267249375467
5410,0.8342534621117818
5411,0.006658764199182408
5412,0.6552787213277583
5413,0.369128676259714
5414,0.030750928810426396
5415,0.11196208554462284
5416,0.23992062144032514
5417,0.23231714778727106
5418,0.17524884394832743
5419,0.005455183991744337
5420,0.26784010132104485
5421,0.010244308802437999
5422,0.16074335012296107
5423,0.8117921543808954
5424,0.9308879358911779
5425,0.06662791660735495
5426,0.7379295762021547
5427,0.4805380378395632
5428,0.5835075172329676
5429,0.23816185350053476
5430,0.41434073609929273
5431,0.044075997725560846
5432,0.4199539874127537
5433,0.024585051354723948
5434,0.5434936882556937
5435,0.8138353848145584
5436,0.011847225632593467
5437,0.06481516874074615
5438,0.021476755462232537
5439,0.7088549156999809
5440,0.2636570847930518
5441,0.2617431936153924
5442,0.2645344165370272
5443,0.0493470102574051
5444,0.8397430962585332
5445,0.7863106302560648
5446,0.8472035780712368
5447,0.10068082316212416
5448,0.5887365141534764
5449,0.17589161896027053
5450,0.7374065371092274
5451,0.08141505996994344
5452,0.018099059216298306
5453,0.43788326758839347
5454,0.44485714655553765
5455,0.04668277361819974
5456,0.3090017044747368
5457,0.2661127171966683
5458,0.010355323067122968
5459,0.08559005733109414
5460,0.08623992683983316
5461,0.09837533793578923
5462,0.028710030369807186
5463,0.3604141313644571
5464,0.09598326857427934
5465,0.12853416793715877
5466,0.047812286780858325
5467,0.009809324204687322
5468,0.8343370840432155
5469,0.021767241395079937
5470,0.027678132508021678
5471,0.8148602512251688
5472,0.00913979578732373
5473,0.06380909142746019
5474,0.5575225448844471
5475,0.060673970132138766
5476,0.32471081253875045
5477,0.03224978461753881
5478,0.24843453910951838
5479,0.7643671788869291
5480,0.08033383299078821
5481,0.16633343003662293
5482,0.7689880687011112
5483,0.38010557610382223
5484,0.4250760060665546
5485,0.011691820795648587
5486,0.3814843759259668
5487,0.013262234281052705
5488,0.1874971338207079
5489,0.41198790445531996
5490,0.18534954671252885
5491,0.02187860879664275
5492,0.023769580280284086
5493,0.3067560253077673
5494,0.3093981479449048
5495,0.10110021121563069
5496,0.870161099616576
5497,0.5090571614918618
5498,0.3734917268307673
5499,0.1651021829238539
5500,0.012359791318550901
5501,0.6941311416118704
5502,0.049200222465688156
5503,0.21076349296534014
5504,0.009166297696272158
5505,0.3103338668698839
5506,0.04010465876053545
5507,0.012387597716212622
5508,0.906452061953241
5509,0.4226924107071084
5510,0.04242822769389565
5511,0.30768109696794405
5512,0.06665694961684585
5513,0.04064986169783739
5514,0.1608028652035106
5515,0.3777435060051821
5516,0.7571817217032432
5517,0.4185677952261012
5518,0.05527581866067431
5519,0.2575222731434045
5520,0.08708752234581625
5521,0.6031880936477227
5522,0.41526774089519986
5523,0.07211167857026579
5524,0.052961786318213
5525,0.331430438074917
5526,0.33119822277776023
5527,0.038886871087310544
5528,0.6574146298750718
5529,0.032741997692848065
5530,0.07600518146701772
5531,0.014901109169777218
5532,0.6994364439664769
5533,0.25919100992608296
5534,0.015042816365208888
5535,0.027151042019095628
5536,0.3518810950321467
5537,0.0299531161484084
5538,0.39336963728546537
5539,0.008674681037424446
5540,0.1315545059679181
5541,0.0718073032303278
5542,0.7791015583913908
5543,0.011921277739231805
5544,0.08218247621327782
5545,0.010688610521742801
5546,0.01479675933712327
5547,0.8188270202409521
5548,0.05785859632130689
5549,0.13689164902212572
5550,0.10403442297141724
5551,0.5392828610802397
5552,0.08915940758830007
5553,0.29197983114687553
5554,0.051968844896473805
5555,0.34771980376279754
5556,0.29437539449626127
5557,0.411613330451472
5558,0.611934469888398
5559,0.03290184972784288
5560,0.07538575810829194
5561,0.009596614218883607
5562,0.01688037735667733
5563,0.056112944817722415
5564,0.07440212803879019
5565,0.0340965806527911
5566,0.29467112764369074
5567,0.13477082146754915
5568,0.01626996461601848
5569,0.08197345175564334
5570,0.44079617879875954
5571,0.8269374211081427
5572,0.3130303804337559
5573,0.8543990776695087
5574,0.012635021374024528
5575,0.1612010858996617
5576,0.7738046073420534
5577,0.06433647087227291
5578,0.012772957945817344
5579,0.035183116879618635
5580,0.05230784386131009
5581,0.010427658204947354
5582,0.1072635635009844
5583,0.08422557626394006
5584,0.13317447255623494
5585,0.09710586139111603
5586,0.01293446263123785
5587,0.01702727929986688
5588,0.0944145738061355
5589,0.02058392012814311
5590,0.04874776304373493
5591,0.14720439492973364
5592,0.3313883863013705
5593,0.030978038217361913
5594,0.5383805311726572
5595,0.25007822486712267
5596,0.01937085572773836
5597,0.5160307924928649
5598,0.669701014035823
5599,0.5804359776658083
5600,0.14988931096481128
5601,0.06763158631189295
5602,0.04941759506498642
5603,0.36275690968249147
5604,0.4472129835560805
5605,0.10891000358105014
5606,0.3833852048795736
5607,0.007724680001429876
5608,0.5255520358812339
5609,0.44290215379034426
5610,0.02401929579783269
5611,0.020640647383318833
5612,0.20161196869237824
5613,0.4028884263585837
5614,0.011400176654635955
5615,0.03937514261795219
5616,0.08010703488064537
5617,0.084086524297776
5618,0.011684473014990461
5619,0.1042836096531993
5620,0.029329386310043858
5621,0.021698317795152
5622,0.3393074451095888
5623,0.008999966387698037
5624,0.03715484724228717
5625,0.5403812426571881
5626,0.2281927760737135
5627,0.12029332589478792
5628,0.0082399169285961
5629,0.5424099823619782
5630,0.20527874763977114
5631,0.11863832677515919
5632,0.13640469222821525
5633,0.08660676121797983
5634,0.018566811277574934
5635,0.3308339443600239
5636,0.3511844786808743
5637,0.07241416728141203
5638,0.4255520281507195
5639,0.028510498501132905
5640,0.8578187899242894
5641,0.032807225070580856
5642,0.05572049753092705
5643,0.5397094609369737
5644,0.10222981202471006
5645,0.751288603824734
5646,0.5292117432408543
5647,0.14168422953292265
5648,0.1450578923954458
5649,0.025841324898090205
5650,0.25192273866812
5651,0.05060376875133919
5652,0.36659299363315845
5653,0.08100893155032138
5654,0.05469784163265564
5655,0.03318725100281691
5656,0.2904271744023738
5657,0.027499673160461008
5658,0.25992332221360526
5659,0.40247864694609375
5660,0.040864863587087304
5661,0.253227921580483
5662,0.06859366924643837
5663,0.03161719069465195
5664,0.03953778106955697
5665,0.30834095720056603
5666,0.35384565806369306
5667,0.5683830279502364
5668,0.023817271546815923
5669,0.11143663277316812
5670,0.025560469847073556
5671,0.08168073757413562
5672,0.3864918854881572
5673,0.3471029335339782
5674,0.07542628002386954
5675,0.3559679072222134
5676,0.058738613864979645
5677,0.19044506490064875
5678,0.11080468934983354
5679,0.06965268977652782
5680,0.01054868315267919
5681,0.010820470994749561
5682,0.18756051782957267
5683,0.14728998142522662
5684,0.06882399026200339
5685,0.24225702095355453
5686,0.3880420962364504
5687,0.14921974080077985
5688,0.058819532321015965
5689,0.1241061925387154
5690,0.5097310713781261
5691,0.08504080875458114
5692,0.22281669967060752
5693,0.02492232525995987
5694,0.013955151008056986
5695,0.08232089209756228
5696,0.23000502093599956
5697,0.850468510253066
5698,0.038481657685474235
5699,0.456920592161581
5700,0.012560305407290681
5701,0.013621858453684174
5702,0.36609729175865446
5703,0.12200425667138823
5704,0.5720210772130131
5705,0.6386596955413807
5706,0.499645647261005
5707,0.05598323233299436
5708,0.08188817799484667
5709,0.3051154346530288
5710,0.7517826815554627
5711,0.01475603136892524
5712,0.25522729457233156
5713,0.04149127725627831
5714,0.31815023985278906
5715,0.016015506094892485
5716,0.02311469129399077
5717,0.019500619519573527
5718,0.026736665448254374
5719,0.27576106443109427
5720,0.14624072310946634
5721,0.040973868687328094
5722,0.020507501366709015
5723,0.21204542648991326
5724,0.041191116682116925
5725,0.0833506843428947
5726,0.008607702403058859
5727,0.07513674276206508
5728,0.1390109955558238
5729,0.03620722980258029
5730,0.6134958216361549
5731,0.31809616895273574
5732,0.12860656394614053
5733,0.4845866723628616
5734,0.057934934447128154
5735,0.024479216363553324
5736,0.2613695787928507
5737,0.13948186302817947
5738,0.010775749623571486
5739,0.06425632491963285
5740,0.23297412420381586
5741,0.46701456703010746
5742,0.3297866912462713
5743,0.1015735661996891
5744,0.2827571369741049
5745,0.15087864430621079
5746,0.23587829921570105
5747,0.4864480801092058
5748,0.2570972235059992
5749,0.18068203596628654
5750,0.04944256782585774
5751,0.15536977090992088
5752,0.21920227718241558
5753,0.016974823079261857
5754,0.06004881512224364
5755,0.09864059684267908
5756,0.09816316768164474
5757,0.3162729628181799
5758,0.024693808673436866
5759,0.024173827666332068
5760,0.020687139357638648
5761,0.05526180375645564
5762,0.016574743360315242
5763,0.023987485053806927
5764,0.436856640919055
5765,0.7072032292911777
5766,0.04188899712990154
5767,0.2631125059153457
5768,0.1520978096129722
5769,0.01557343778217053
5770,0.46896648210064984
5771,0.8570967686070947
5772,0.19827023901024587
5773,0.6074641511954603
5774,0.2357501689371324
5775,0.021037727094087605
5776,0.6341666002970339
5777,0.012075749932786452
5778,0.2293269706164411
5779,0.7952468776162078
5780,0.01318876586012405
5781,0.013063271667636897
5782,0.5808834519318459
5783,0.061653226352133085
5784,0.8389170397559694
5785,0.5375617812603993
5786,0.8897755641156614
5787,0.14440201267215164
5788,0.012943985442919363
5789,0.23112097770481463
5790,0.016334227322797695
5791,0.02855504944766052
5792,0.5171013190947382
5793,0.0992706247961102
5794,0.08054259562018828
5795,0.8055751491059444
5796,0.10177334290925405
5797,0.1219778405890225
5798,0.02041973895010341
5799,0.07336995465428696
5800,0.05999837780745001
5801,0.09935994934809217
5802,0.1209385008137988
5803,0.020214381050794004
5804,0.04080152694434951
5805,0.021296667973492445
5806,0.04124815318471296
5807,0.7996044067064528
5808,0.6831992013155496
5809,0.5649744053406559
5810,0.1631283820315506
5811,0.1862456943094725
5812,0.8383651771953236
5813,0.24627090201360477
5814,0.33546428883805085
5815,0.25425829841713304
5816,0.4479637777515671
5817,0.018484357804215704
5818,0.5777854039418847
5819,0.2001596370366867
5820,0.3423280205783818
5821,0.3810661827908931
5822,0.3869130236900583
5823,0.022552926855306715
5824,0.04897358048012494
5825,0.6167658578606373
5826,0.18468383591436674
5827,0.10090979547855826
5828,0.030785227298914305
5829,0.3020953714792351
5830,0.014994727657498813
5831,0.05798872062760432
5832,0.0706167486366852
5833,0.01448292106586431
5834,0.008880740353240626
5835,0.3656147365896892
5836,0.07898975336436825
5837,0.06541595022144137
5838,0.7966676743828605
5839,0.44731765690145964
5840,0.11529820361432479
5841,0.19181433003324788
5842,0.013838954821410523
5843,0.07862591246305227
5844,0.608547137719565
5845,0.30353840644724284
5846,0.16735097296143084
5847,0.09612605188083577
5848,0.0521914937226242
5849,0.07160815700755918
5850,0.05527507428208061
5851,0.016682795438290397
5852,0.3669161073454627
5853,0.076113249161764
5854,0.21329175470265724
5855,0.08216556245460711
5856,0.3650724137692939
5857,0.05201622444428485
5858,0.019440148373323717
5859,0.537788293150491
5860,0.09717768256376132
5861,0.20622939883217617
5862,0.04065033804442984
5863,0.2343319065356287
5864,0.23585877540775152
5865,0.28727849394083393
5866,0.8884677253700052
5867,0.20449933939700501
5868,0.03860077264302724
5869,0.11737586128922421
5870,0.7994586073675694
5871,0.00823127050161769
5872,0.1050493175788463
5873,0.08013361433962954
5874,0.19038652983136378
5875,0.054311242539383194
5876,0.03386394034296154
5877,0.04843988497168267
5878,0.0217025146937317
5879,0.18456522752181376
5880,0.14447064362695589
5881,0.5414229677966322
5882,0.15341867196665632
5883,0.49065893912448716
5884,0.05131574799979772
5885,0.14344350799768313
5886,0.07478966501220612
5887,0.7234356799591014
5888,0.02970896418639121
5889,0.14318377480826872
5890,0.0812320578263279
5891,0.050604577229966974
5892,0.34929638094609144
5893,0.09845421279447322
5894,0.02584879026685136
5895,0.057516540191541884
5896,0.0944577572372875
5897,0.5613839412350563
5898,0.06383418348567603
5899,0.10850946538107524
5900,0.0446418504784443
5901,0.7920682897421019
5902,0.07543960826443326
5903,0.03527440327114759
5904,0.45228395352958467
5905,0.019909790964277425
5906,0.7898951477203003
5907,0.23032509312560867
5908,0.5151271492454327
5909,0.464657421821322
5910,0.024340127981394417
5911,0.028121895264337116
5912,0.03166147472815058
5913,0.12580697357027623
5914,0.4316009745282165
5915,0.1203030547481564
5916,0.016779063907549196
5917,0.009802536849271926
5918,0.5395764235049709
5919,0.30977785679447767
5920,0.18375576132812263
5921,0.013121683729248977
5922,0.6890058189260063
5923,0.5170813479457343
5924,0.05840228733431325
5925,0.040789283315309705
5926,0.013917161785012427
5927,0.023634977590939292
5928,0.3800532268524448
5929,0.031027364536509387
5930,0.18240561465483543
5931,0.3150160036424459
5932,0.12464581077537053
5933,0.026425508534770912
5934,0.1867552686602639
5935,0.37405547512641907
5936,0.49316303224425523
5937,0.6913160719284684
5938,0.7398687508220598
5939,0.12261013983266178
5940,0.04621246391108951
5941,0.011012967658267139
5942,0.013695211709415797
5943,0.31847348175672935
5944,0.19240890650099265
5945,0.017809491947531828
5946,0.015133303403744273
5947,0.06185573740843673
5948,0.22083973986675767
5949,0.8019756473727314
5950,0.061029275117449135
5951,0.3937125936125349
5952,0.011026841073782104
5953,0.1734305529819701
5954,0.019418176062658263
5955,0.744898923177676
5956,0.5341609212351427
5957,0.08591339627439688
5958,0.05881206228941711
5959,0.7805628096732566
5960,0.018999414966172086
5961,0.0052698441959855725
5962,0.04311649893495704
5963,0.11887379282671527
5964,0.045938352979422496
5965,0.42269238096826006
5966,0.10667466953944592
5967,0.1551924907651487
5968,0.41295255069676684
5969,0.02181879368584927
5970,0.031472463128027366
5971,0.30500260778543065
5972,0.5254676074306263
5973,0.007968700693881678
5974,0.10610161283958076
5975,0.05749539768848427
5976,0.13408033603523725
5977,0.025121286142272502
5978,0.04028553674156675
5979,0.02180093575038866
5980,0.27099527140098073
5981,0.06197527933958712
5982,0.7942360014946651
5983,0.69154886070953
5984,0.6638991074750675
5985,0.6818837127162144
5986,0.08781657196368196
5987,0.060265694290213286
5988,0.2987735113030884
5989,0.0595827089610396
5990,0.30558249122022174
5991,0.10279924828437753
5992,0.6041133472535851
5993,0.23902290867998238
5994,0.06195915860120894
5995,0.329584923715318
5996,0.09490095277757633
5997,0.028213266876166515
5998,0.17528804423901947
5999,0.2322239630250994
6000,0.740893220226417
6001,0.11695742780654006
6002,0.173919506598798
6003,0.07295342071232314
6004,0.2501471567111271
6005,0.11264191965884124
6006,0.7556431000925292
6007,0.06535164194529958
6008,0.44254082072443873
6009,0.12934173291711717
6010,0.028992480336651142
6011,0.04829014240599796
6012,0.2577876862220388
6013,0.30137134978389174
6014,0.039704561902801576
6015,0.701368877648297
6016,0.03370800027630636
6017,0.16936589683272912
6018,0.0867145985553434
6019,0.18899549459903556
6020,0.03562753191748766
6021,0.01793762126203499
6022,0.05241294177908343
6023,0.03923864233442172
6024,0.03301890449682543
6025,0.06151856749248178
6026,0.12388346500546515
6027,0.14258278487249562
6028,0.09029907085667065
6029,0.1292030122156202
6030,0.0666459941791075
6031,0.053333485522276104
6032,0.05419288749982385
6033,0.2628908768882335
6034,0.13507254090812434
6035,0.0557184857349432
6036,0.05220330657718554
6037,0.06200217321473823
6038,0.47725550881074286
6039,0.033544347756921514
6040,0.22999279666308356
6041,0.10704909108359927
6042,0.05593108113393788
6043,0.24671766321524338
6044,0.5662712697465491
6045,0.2391361051847588
6046,0.04336112899055314
6047,0.5564842295846928
6048,0.9176394553174549
6049,0.7243053122137955
6050,0.06584694499956334
6051,0.1744606665163883
6052,0.7829316375228924
6053,0.11079752317537805
6054,0.07852433293927094
6055,0.009726590764916212
6056,0.6128305287098302
6057,0.04318983980252023
6058,0.5960528880636975
6059,0.012534701692630755
6060,0.13404722803917699
6061,0.6588491368735417
6062,0.8746117586601119
6063,0.12886204402049126
6064,0.025433536894134696
6065,0.19496169241993425
6066,0.1129044684507354
6067,0.7965341810715739
6068,0.013829996097811503
6069,0.10704431318341741
6070,0.8002714559762095
6071,0.11973383593697647
6072,0.6758530370159169
6073,0.07111044093387202
6074,0.06307241458856692
6075,0.05566507189579734
6076,0.05296779398188077
6077,0.16506739476322127
6078,0.13813917643739795
6079,0.3926468565217284
6080,0.3852613536436771
6081,0.06890289213764497
6082,0.09550128282378943
6083,0.2863426689573337
6084,0.1615799751983084
6085,0.01454413909384436
6086,0.4929763281957954
6087,0.47884316117286063
6088,0.29049626298760334
6089,0.10922983100541601
6090,0.09334381345549063
6091,0.5414943861664292
6092,0.17915745354397744
6093,0.23039238397404038
6094,0.0949317528914363
6095,0.07209986807831449
6096,0.09880810066872152
6097,0.09903514885236808
6098,0.12016297324706149
6099,0.02481538745025671
6100,0.07792830440535996
6101,0.45896939764557887
6102,0.08529323216352255
6103,0.056401677276224894
6104,0.0651895146840404
6105,0.5205419285312234
6106,0.7029031162908808
6107,0.35276368870451963
6108,0.17215304423658712
6109,0.207160960940874
6110,0.08343514291833239
6111,0.12462292196320808
6112,0.033809443171455365
6113,0.10974556588254304
6114,0.14063730934984342
6115,0.1408862378596756
6116,0.1948303824088983
6117,0.08895563542858732
6118,0.038157777035123325
6119,0.06102695116218843
6120,0.00925877452555798
6121,0.43312682359401916
6122,0.39897106809597516
6123,0.35644144162204505
6124,0.03809797709691878
6125,0.7556604136767101
6126,0.4656055715875038
6127,0.12357035701056966
6128,0.21449639239909282
6129,0.3798031250182285
6130,0.7302023548893297
6131,0.5499148961695035
6132,0.14510686313543017
6133,0.1748217994310348
6134,0.0627063938083073
6135,0.0692584158698905
6136,0.5286357161556703
6137,0.22687059479273522
6138,0.2629757652891029
6139,0.26098213678204196
6140,0.0729825249629278
6141,0.6211290694854553
6142,0.32900240004689296
6143,0.1585575161935228
6144,0.2530617217157588
6145,0.33458013409245846
6146,0.023003070341884167
6147,0.014886746268344688
6148,0.030868186433382575
6149,0.6564234099200247
6150,0.25237150679665077
6151,0.09169343214013811
6152,0.07612965516264084
6153,0.10024925565174997
6154,0.557206653195321
6155,0.04950964742868239
6156,0.06528833036664808
6157,0.26655992696001335
6158,0.6184556115714037
6159,0.3148489073096594
6160,0.30450582180197056
6161,0.3316263483831741
6162,0.6527847058693578
6163,0.01934793111125391
6164,0.0745486627503127
6165,0.05195836704784955
6166,0.5046943231272087
6167,0.4693390579808349
6168,0.15469696779516345
6169,0.014143977341010198
6170,0.10460777037735758
6171,0.407394002556383
6172,0.2189519776988089
6173,0.12896818888526007
6174,0.012123200753206581
6175,0.012117083077869309
6176,0.05421937175064188
6177,0.08879784236899878
6178,0.031955735744276785
6179,0.014530773984065878
6180,0.017327260496272173
6181,0.6573862995164499
6182,0.013478782493388125
6183,0.022643282102297956
6184,0.04585673998642449
6185,0.05139419379900191
6186,0.04095840751942661
6187,0.17461748997800888
6188,0.008437469486548062
6189,0.09488957494579704
6190,0.3227705883040888
6191,0.012427775459366158
6192,0.02769195998462101
6193,0.12224458129985481
6194,0.03306733585990403
6195,0.2719961075747993
6196,0.09309393803995467
6197,0.009181345322127794
6198,0.05875830210541707
6199,0.3770598215086151
6200,0.018010143690464775
6201,0.23164424873803996
6202,0.331524329701668
6203,0.2869955315690972
6204,0.12478059431673724
6205,0.34457343189718137
6206,0.7338292337752902
6207,0.31520904970105373
6208,0.008600960871065247
6209,0.5386096444728342
6210,0.10447023179997768
6211,0.006748924778608624
6212,0.0049213473840829264
6213,0.24488368973840832
6214,0.0733675742991782
6215,0.7601556577768805
6216,0.015538952586616672
6217,0.2801462515849726
6218,0.8121502205105787
6219,0.050901711752682335
6220,0.6476769368393998
6221,0.32934817208383255
6222,0.03257151859552987
6223,0.09527890223697405
6224,0.0125959321250079
6225,0.3937380121554302
6226,0.01216146880037943
6227,0.04413214190777521
6228,0.6134100296916444
6229,0.08514405723206807
6230,0.07389258869014258
6231,0.1871436867221201
6232,0.16689436860269635
6233,0.11532196304878208
6234,0.07354165679386658
6235,0.054834637894073335
6236,0.013227358614333072
6237,0.022100906695033274
6238,0.2652297402336683
6239,0.16317394669408666
6240,0.014915192158296396
6241,0.1399968564209809
6242,0.017481443258061325
6243,0.04483084939279551
6244,0.4565870035865771
6245,0.02713458831385201
6246,0.2293904792278328
6247,0.024812806825423236
6248,0.14343195245892917
6249,0.07165209264007233
6250,0.2674832457344542
6251,0.2399717720705064
6252,0.0384042492924784
6253,0.02910698791580695
6254,0.07364371726893323
6255,0.18820396881264365
6256,0.602422515347861
6257,0.06617369037772276
6258,0.1476162859784883
6259,0.4770213924908274
6260,0.10161516634609748
6261,0.2207513894501101
6262,0.08931351900848389
6263,0.14254535726301798
6264,0.03291558465851276
6265,0.015195348996228382
6266,0.16118762680923382
6267,0.02726772709593362
6268,0.10277652901786793
6269,0.2049337803129587
6270,0.2578920923178454
6271,0.15331320183649372
6272,0.1420133893203442
6273,0.24263939794062858
6274,0.2070417940048139
6275,0.3535379751454858
6276,0.010755493001141982
6277,0.019546763537251394
6278,0.10019254805927473
6279,0.12138208524641861
6280,0.020539017837938506
6281,0.10054434753898585
6282,0.027887872374362542
6283,0.024877656821917393
6284,0.10741212871227056
6285,0.11226580684486581
6286,0.08923768765341324
6287,0.034686871452314944
6288,0.07226608392177696
6289,0.2838673714206309
6290,0.6677394048397783
6291,0.46743598456742413
6292,0.18259849085458268
6293,0.14082940162999721
6294,0.03287864608162829
6295,0.011597858258402186
6296,0.6864801263717882
6297,0.6560959024761521
6298,0.05478239851219383
6299,0.5804753479208653
6300,0.028680447683228173
6301,0.28211373366200604
6302,0.364080448922169
6303,0.11737606660496448
6304,0.3999827168127908
6305,0.11139140530247942
6306,0.08440992418043904
6307,0.22089524465526633
6308,0.7333488951868999
6309,0.7607601356623899
6310,0.7811546804814853
6311,0.5611750281603138
6312,0.028729926189617023
6313,0.08275022661506694
6314,0.02766736571454085
6315,0.015333834342589631
6316,0.117829361400669
6317,0.05769515839640642
6318,0.2844066232706783
6319,0.21698348475583412
6320,0.4467098674550555
6321,0.380708699090711
6322,0.20623663039881288
6323,0.14669167152656415
6324,0.28518695564610874
6325,0.33620830875072516
6326,0.07801172480080608
6327,0.15359224959481685
6328,0.2805227257151509
6329,0.021576863192403036
6330,0.19484905759629648
6331,0.05908581480424056
6332,0.1267886686479255
6333,0.03299591095580862
6334,0.11020376752619185
6335,0.6732224680827654
6336,0.011843932986537091
6337,0.06822763929454871
6338,0.13024435447327906
6339,0.03806915976716412
6340,0.011504229252422313
6341,0.07978917605969708
6342,0.07607673487036663
6343,0.007799577831590751
6344,0.05889142747817067
6345,0.11085138322573745
6346,0.12945338819155763
6347,0.031966244982742684
6348,0.3175196965657323
6349,0.030548975170210126
6350,0.22918218871628052
6351,0.19799714156210402
6352,0.09415459488393668
6353,0.7830749487553736
6354,0.010141853864812466
6355,0.25853796820001973
6356,0.13266097195570042
6357,0.016523331482331326
6358,0.02531094308413878
6359,0.2986452212421239
6360,0.5600700389911284
6361,0.1170582714354317
6362,0.6024511016157308
6363,0.6308675902290831
6364,0.02173470815937683
6365,0.08586187036995252
6366,0.05013317621301402
6367,0.03539158556861143
6368,0.007837915570666954
6369,0.2137468240078961
6370,0.14371417959846136
6371,0.05114802405575217
6372,0.5601784218298702
6373,0.062288702217134256
6374,0.018036377745567548
6375,0.009849457985499977
6376,0.09543374921351057
6377,0.6004209502894665
6378,0.09855385185734887
6379,0.11101914760158071
6380,0.10796092783166586
6381,0.024486828939693592
6382,0.05950027106502113
6383,0.13678758086516388
6384,0.0058568899298181935
6385,0.03651959665223994
6386,0.013693620305418194
6387,0.2600132574995793
6388,0.15471337915604447
6389,0.009080793168735887
6390,0.24383434792290454
6391,0.13499966475825453
6392,0.06841018722733598
6393,0.015466370839920921
6394,0.09795628631821834
6395,0.20646738379028234
6396,0.11949579588906908
6397,0.11378753138908718
6398,0.11520459215631812
6399,0.13864196220546546
6400,0.30294820005474965
6401,0.29573460418757397
6402,0.09797637975132904
6403,0.0782264848071311
6404,0.3088784885708465
6405,0.3056696502641601
6406,0.15977479777216003
6407,0.12849354748873879
6408,0.04710369364537873
6409,0.18238464074686803
6410,0.07639764600165772
6411,0.24140023624527185
6412,0.32189558303777627
6413,0.17299724327192456
6414,0.40671683804310205
6415,0.10352902666268074
6416,0.09670612040875326
6417,0.037476342682070195
6418,0.18118492797818123
6419,0.2956898039837785
6420,0.33490164500641634
6421,0.02807110784372101
6422,0.023259341731422117
6423,0.2715420033860483
6424,0.1289094757443084
6425,0.4206726041030707
6426,0.19091934899554724
6427,0.8475412124573672
6428,0.5030329562337033
6429,0.1910707738099668
6430,0.03392461642516554
6431,0.19338251148028904
6432,0.08182195046740715
6433,0.8889646109072061
6434,0.2726449590834445
6435,0.04409455143136865
6436,0.49892891463262984
6437,0.7028095011997786
6438,0.2485291148418789
6439,0.11907747735022739
6440,0.16617032239395976
6441,0.1059395917860894
6442,0.5974866344114308
6443,0.05587673050319543
6444,0.11542402663107265
6445,0.6582182444034883
6446,0.8306905883809734
6447,0.13493904983023294
6448,0.6486290827052856
6449,0.30356786446866174
6450,0.10969553621673306
6451,0.8206433740663484
6452,0.2998321001027902
6453,0.4520237214911397
6454,0.6993840691181318
6455,0.33070271132699375
6456,0.8090165288591871
6457,0.6349962420067496
6458,0.597286824700102
6459,0.6962153067284456
6460,0.41196872378565735
6461,0.1135079058479003
6462,0.4962083635712141
6463,0.029148715265460277
6464,0.3671444484954599
6465,0.13747462225112483
6466,0.6442789536097706
6467,0.38809986957778597
6468,0.066637586997182
6469,0.03352466860938999
6470,0.19150259945307557
6471,0.0512432211712588
6472,0.4421724054548695
6473,0.8381576287270003
6474,0.022797972992412437
6475,0.6856386191326583
6476,0.42222866546136945
6477,0.10456997283587308
6478,0.4472193319870118
6479,0.5476594964352686
6480,0.018516989520548702
6481,0.6385225127610115
6482,0.6291957573799649
6483,0.04574359214728762
6484,0.10899025372178929
6485,0.0209600833220473
6486,0.05499041166472001
6487,0.09739215656504888
6488,0.39440546227660905
6489,0.07738142231990285
6490,0.08562087144827234
6491,0.20368073682583746
6492,0.024575066505932105
6493,0.06608059347318962
6494,0.41299216683399614
6495,0.05222772789744835
6496,0.35365825547312013
6497,0.10447382232662333
6498,0.10565193423118387
6499,0.0227699149864133
6500,0.27171186115579044
6501,0.052287401124201244
6502,0.09195296676944859
6503,0.17072661556133126
6504,0.24794656126376974
6505,0.1833945882218393
6506,0.06795167074569426
6507,0.7763726168538507
6508,0.13030992146025783
6509,0.22526575119020464
6510,0.17673493109839256
6511,0.21330188804150405
6512,0.5792914882869656
6513,0.07712215670476277
6514,0.021316701510011325
6515,0.3511445353763732
6516,0.15863746132918813
6517,0.051413578237394
6518,0.1218558446784888
6519,0.3073615519887504
6520,0.04861494292987175
6521,0.015077966645604159
6522,0.4864907025165623
6523,0.1415437564238695
6524,0.09652081579833839
6525,0.05868016609804491
6526,0.04047813133659985
6527,0.023497097945707656
6528,0.08751615188090561
6529,0.12388892311364497
6530,0.26266077150273204
6531,0.032652883859025116
6532,0.04144284150638059
6533,0.331827281975176
6534,0.11969481181656226
6535,0.04701385315133623
6536,0.20605194096756088
6537,0.052475584504730555
6538,0.19405145381940875
6539,0.021060068680280635
6540,0.25480880360997693
6541,0.44248628859555045
6542,0.552955965411752
6543,0.05233922937106854
6544,0.43369824571508087
6545,0.09436796880155293
6546,0.10721034885238222
6547,0.04122907454481687
6548,0.24854479364993917
6549,0.052557129508684325
6550,0.1906787199092063
6551,0.10908814390638809
6552,0.14317895526121607
6553,0.43156229256245165
6554,0.053608042641851816
6555,0.07686110233037152
6556,0.29857679575583973
6557,0.13829742154201177
6558,0.11705598128600965
6559,0.06794689065201076
6560,0.05694557622478483
6561,0.41217565811963824
6562,0.28457230830427965
6563,0.02016964131498928
6564,0.8974113971979146
6565,0.31288982047591213
6566,0.3593996734153623
6567,0.11797335307925871
6568,0.09674812505155958
6569,0.12067408054531881
6570,0.08446225807934273
6571,0.21227923658739054
6572,0.04956170766716298
6573,0.1755802495869159
6574,0.060859182223499314
6575,0.1906586821689471
6576,0.24988271683039068
6577,0.041223476727454314
6578,0.07213580766419023
6579,0.15073093856547673
6580,0.6423476503437621
6581,0.6690680755909241
6582,0.19733527157364966
6583,0.013783322085577041
6584,0.6974160515778219
6585,0.3534509835071507
6586,0.23517689993919327
6587,0.3890861624550172
6588,0.29584487219029715
6589,0.5592732804841792
6590,0.05240443213134026
6591,0.3665115995408963
6592,0.10713825125772512
6593,0.03891534650934695
6594,0.060568494895887524
6595,0.0243761971579073
6596,0.0325374718165587
6597,0.4119548895376175
6598,0.022510559790531702
6599,0.31174300773391567
6600,0.3967114368770167
6601,0.0315511077818319
6602,0.05045457096866073
6603,0.03058407975729402
6604,0.15826567938591124
6605,0.04406723337572186
6606,0.006497842014495657
6607,0.8268373639584521
6608,0.8724071954780183
6609,0.7743240086483859
6610,0.8120817756444562
6611,0.09567572041629789
6612,0.1513729645562717
6613,0.04145185941393431
6614,0.10947668528347793
6615,0.8189171101456363
6616,0.9023766514064085
6617,0.3436866874659321
6618,0.08165908469928869
6619,0.19056765837190084
6620,0.03401833371471468
6621,0.10117782655192124
6622,0.30189399254817395
6623,0.1520912290949421
6624,0.07124722004321901
6625,0.11272772293718976
6626,0.09274565164710932
6627,0.10811739927301217
6628,0.2312735745785394
6629,0.28765181633544656
6630,0.12605651817559102
6631,0.6076547962138934
6632,0.12029007246233003
6633,0.40138722861406806
6634,0.037453802146478254
6635,0.055708009903413985
6636,0.361946500666026
6637,0.16751750001401183
6638,0.0719329525008235
6639,0.09688285998645378
6640,0.029147420640341076
6641,0.0567833535366975
6642,0.08655851301143994
6643,0.11914891232229087
6644,0.03982942245988482
6645,0.05408902391510439
6646,0.027108223451418327
6647,0.06911443540657738
6648,0.15052726336784256
6649,0.35534459449674133
6650,0.6510843507958981
6651,0.1473477458831948
6652,0.22078932096454973
6653,0.3648763529570316
6654,0.2887392029186048
6655,0.38864762564045363
6656,0.08304170332022162
6657,0.1335381787777299
6658,0.08154762400997692
6659,0.09492530888397022
6660,0.2890429954092369
6661,0.06804625937306644
6662,0.08776128129908786
6663,0.017371420711715598
6664,0.2525605413110387
6665,0.12621752472487494
6666,0.053821889798569764
6667,0.16348375574692944
6668,0.069533963562367
6669,0.05097153344748001
6670,0.060657523258533595
6671,0.15528457684726005
6672,0.024442575072396364
6673,0.0664865185019558
6674,0.6468047346951047
6675,0.6918789447627309
6676,0.03848029471111341
6677,0.7444764823114793
6678,0.39254433724859694
6679,0.6171026343167687
6680,0.36445024544102833
6681,0.04548652243288015
6682,0.08516102034190845
6683,0.6863053198177822
6684,0.02947280185393105
6685,0.040907394524153894
6686,0.06158018699218956
6687,0.18187347748182536
6688,0.6274996057361801
6689,0.010033369405586518
6690,0.11027072907608601
6691,0.18572823122683735
6692,0.09443421535425083
6693,0.4859874033947533
6694,0.6426710401763372
6695,0.10075272744072988
6696,0.8918281553934759
6697,0.5614582660616118
6698,0.08933720822550133
6699,0.6967767002100251
6700,0.17311154155946543
6701,0.022279349119943826
6702,0.2075664360967139
6703,0.04775484161882736
6704,0.08363327091025989
6705,0.26778727735399127
6706,0.05376000715251144
6707,0.28594179671594744
6708,0.007566184342506613
6709,0.04610968393895248
6710,0.19811658097497847
6711,0.23857035702755666
6712,0.08781193754032358
6713,0.3575512187312028
6714,0.06655457121096235
6715,0.036805487210073436
6716,0.3936972910417327
6717,0.048499709426624786
6718,0.4914435269194222
6719,0.12936828797964076
6720,0.060939860332934484
6721,0.7338144598176988
6722,0.686391119230215
6723,0.7410955654328492
6724,0.19176302792331265
6725,0.07707110927101628
6726,0.21646740652985666
6727,0.1365913922686891
6728,0.49099917668323306
6729,0.18271045157223745
6730,0.1839666799153798
6731,0.15143062126570364
6732,0.07656506935236483
6733,0.09006779116117324
6734,0.3021772205673378
6735,0.03465003286310506
6736,0.41721126291787014
6737,0.2560158036904219
6738,0.6696758743390075
6739,0.7177156718762223
6740,0.0777811290616535
6741,0.6196276175064949
6742,0.09052037205884528
6743,0.643810758953575
6744,0.11477201699654503
6745,0.21901422392463174
6746,0.28465541355483925
6747,0.47829293459930206
6748,0.049637207849234075
6749,0.2199374621599161
6750,0.836875234764642
6751,0.3510476799509216
6752,0.9033413772521803
6753,0.16738712634375616
6754,0.10134890931000493
6755,0.6556748166299193
6756,0.0811894865119656
6757,0.2778275874483651
6758,0.018458645305749782
6759,0.35169204052464187
6760,0.5056818626902194
6761,0.45991247884157194
6762,0.06601837653350463
6763,0.23571623013469142
6764,0.72751973004477
6765,0.05335851034109383
6766,0.4725150176278637
6767,0.2959721214140892
6768,0.5656639441224581
6769,0.05508087960340803
6770,0.033614781855107016
6771,0.040997146090084355
6772,0.1500633256908472
6773,0.18219851497465347
6774,0.11819425840995133
6775,0.5026396696336063
6776,0.1021637465695358
6777,0.37188176006377394
6778,0.026058385926541004
6779,0.3431837400936264
6780,0.1296827177858253
6781,0.06486131378625913
6782,0.6557333023154944
6783,0.26471299916984736
6784,0.38908740218090687
6785,0.18102619688309016
6786,0.43200969271743467
6787,0.22008617244104703
6788,0.07890186954442628
6789,0.0319217420066239
6790,0.05910739858301359
6791,0.11040566167329226
6792,0.029139259581299405
6793,0.02070747045345789
6794,0.0871909440076367
6795,0.4285620478554692
6796,0.22136616607163787
6797,0.11933345150987239
6798,0.018844723107854608
6799,0.47672839745944373
6800,0.30676741377938926
6801,0.006795821554977025
6802,0.09260473100526391
6803,0.008141623865132515
6804,0.030535385683670604
6805,0.31861239099798855
6806,0.1870180158522329
6807,0.06125867194321809
6808,0.18411036888618976
6809,0.49769280584595327
6810,0.1335331817466658
6811,0.3443647054711401
6812,0.09860083628300456
6813,0.03545606119163525
6814,0.7475847504658455
6815,0.08597890719001386
6816,0.05089861206876447
6817,0.21083553789411189
6818,0.02308190656179746
6819,0.020594331124843136
6820,0.5854538473708806
6821,0.045180715020881244
6822,0.10890252561303068
6823,0.06247907857135922
6824,0.012635915383075598
6825,0.12734897529338662
6826,0.23061567139409472
6827,0.08566242960285704
6828,0.5494741955341583
6829,0.13378641109266137
6830,0.11524673785803712
6831,0.06444375650500273
6832,0.04071366437155177
6833,0.6299386805948637
6834,0.06836684364853762
6835,0.05979432815196104
6836,0.21138911973047775
6837,0.07783069130648905
6838,0.5908763354613703
6839,0.2322087703193368
6840,0.5757745800636084
6841,0.06997404657986013
6842,0.188574255051711
6843,0.1603455199950397
6844,0.03110755274806085
6845,0.06776160778959658
6846,0.1703256501441878
6847,0.046661039525272056
6848,0.13779147144302156
6849,0.039764842598000665
6850,0.2680587748138097
6851,0.0987897883556179
6852,0.2720270716423006
6853,0.26086976520314675
6854,0.2938615643380227
6855,0.0904857406095266
6856,0.10363341274785785
6857,0.03217134129787198
6858,0.02339111842394659
6859,0.08800946946099043
6860,0.3590494488837448
6861,0.044008473425890815
6862,0.7957811057358617
6863,0.5770702768545638
6864,0.025176827824103493
6865,0.040966669025717384
6866,0.037154124649808974
6867,0.24154003001184263
6868,0.10408784347837405
6869,0.3987068891559678
6870,0.26941683807841466
6871,0.01642832407460641
6872,0.014834536826442144
6873,0.11631968263125354
6874,0.027291694369548637
6875,0.12773217461678604
6876,0.26230600859371045
6877,0.10092588060801667
6878,0.08561614528268659
6879,0.08909061255941415
6880,0.018640039589275702
6881,0.21176168880294602
6882,0.09366060327574346
6883,0.16001425760082572
6884,0.026542926091001597
6885,0.026025095523591796
6886,0.23631082325345096
6887,0.018190699018881786
6888,0.39992955809918407
6889,0.24251476537150396
6890,0.09852332911031057
6891,0.012204236136295139
6892,0.10197199101450825
6893,0.5519719541777425
6894,0.21748182499784657
6895,0.2599077131621296
6896,0.18230333073594365
6897,0.4040050123515523
6898,0.10510807491152777
6899,0.1356987647333644
6900,0.19150295289351413
6901,0.16763793838961
6902,0.22913843263975206
6903,0.030194899408019952
6904,0.37841105027879257
6905,0.08303365396058811
6906,0.051036921090542274
6907,0.449255278147767
6908,0.0320380410787458
6909,0.015587008094347153
6910,0.2533726526923534
6911,0.1241139352892544
6912,0.10476245285258047
6913,0.24021608875336758
6914,0.023115291993439414
6915,0.15348001141736725
6916,0.01641723269489838
6917,0.2795158185083055
6918,0.018551159603467895
6919,0.026447296744384723
6920,0.2014771409073129
6921,0.2597094953196587
6922,0.12545906680769847
6923,0.5161373585677982
6924,0.07404130704539891
6925,0.18835657954319016
6926,0.44700105393621364
6927,0.057013079346091934
6928,0.03418773792248707
6929,0.06568885422269787
6930,0.17696055125567678
6931,0.0418853260645967
6932,0.37117661925616297
6933,0.7606101643065369
6934,0.0868844879715064
6935,0.07171108065555476
6936,0.8766260896741189
6937,0.26410631115354744
6938,0.030823680993315023
6939,0.7871204811243885
6940,0.035868735197847806
6941,0.08838692567337021
6942,0.0250358558448889
6943,0.842053810065118
6944,0.08559772966166176
6945,0.19583356592430334
6946,0.07962467373627996
6947,0.032311165759087816
6948,0.3008925852298599
6949,0.017349012072672563
6950,0.05681587007096022
6951,0.15666948757634805
6952,0.475685375714047
6953,0.5475113600125738
6954,0.03019349890953561
6955,0.01561220057119915
6956,0.18882199414527984
6957,0.026766699098163448
6958,0.17230022167774847
6959,0.10618928996426269
6960,0.014139209795192252
6961,0.8122848197338621
6962,0.7341549630164055
6963,0.057222947680561076
6964,0.14407434467234456
6965,0.18059911402632176
6966,0.07283872624784976
6967,0.49569869215276774
6968,0.01012364802120091
6969,0.04886250515693048
6970,0.19413267329778106
6971,0.2742502548400136
6972,0.04129193602531093
6973,0.42471145342301675
6974,0.013438850929038392
6975,0.8075908862790898
6976,0.3664699632610223
6977,0.005660486976206058
